,department_name,date,emptype,number_of_staff,start_time,end_time
0,ER,2018-12-24,LPN,1,07:00:00,15:00:00
1,ER,2018-12-24,ULTRA,1,07:00:00,15:00:00
2,ER,2018-12-24,RN,2,15:00:00,23:00:00
3,ER,2018-12-24,XRAY,1,15:00:00,23:00:00
4,ER,2018-12-24,LPN,1,23:00:00,07:00:00
5,ER,2018-12-24,,1,23:00:00,07:00:00
6,ER,2018-12-24,XRAY,1,23:00:00,07:00:00
7,ER,2018-12-25,RN,2,07:00:00,15:00:00
8,ER,2018-12-25,LPN,2,07:00:00,15:00:00
9,ER,2018-12-25,XRAY,1,07:00:00,15:00:00
10,ER,2018-12-25,LPN,1,15:00:00,23:00:00
11,ER,2018-12-25,PHLEB,2,15:00:00,23:00:00
12,ER,2018-12-25,RN,2,23:00:00,07:00:00
13,ER,2018-12-25,LPN,1,23:00:00,07:00:00
14,ER,2018-12-25,,1,23:00:00,07:00:00
15,ER,2018-12-25,PHLEB,1,23:00:00,07:00:00
16,ER,2018-12-26,RN,6,07:00:00,15:00:00
17,ER,2018-12-26,LPN,1,07:00:00,15:00:00
18,ER,2018-12-26,,1,07:00:00,15:00:00
19,ER,2018-12-26,ULTRA,1,07:00:00,15:00:00
20,ER,2018-12-26,RN,4,15:00:00,23:00:00
21,ER,2018-12-26,LPN,1,15:00:00,23:00:00
22,ER,2018-12-26,,1,15:00:00,23:00:00
23,ER,2018-12-26,XRAY,1,15:00:00,23:00:00
24,ER,2018-12-26,RN,6,23:00:00,07:00:00
25,ER,2018-12-26,,1,23:00:00,07:00:00
26,ER,2018-12-27,RN,6,07:00:00,15:00:00
27,ER,2018-12-27,PHLEB,2,07:00:00,15:00:00
28,ER,2018-12-27,RN,4,15:00:00,23:00:00
29,ER,2018-12-27,,1,15:00:00,23:00:00
30,ER,2018-12-27,PHLEB,1,15:00:00,23:00:00
31,ER,2018-12-27,RN,6,23:00:00,07:00:00
32,ER,2018-12-27,LPN,1,23:00:00,07:00:00
33,ER,2018-12-27,ULTRA,1,23:00:00,07:00:00
34,ER,2018-12-28,RN,2,07:00:00,15:00:00
35,ER,2018-12-28,LPN,1,07:00:00,15:00:00
36,ER,2018-12-28,,1,07:00:00,15:00:00
37,ER,2018-12-28,RN,6,15:00:00,23:00:00
38,ER,2018-12-28,RN,2,23:00:00,07:00:00
39,ER,2018-12-28,LPN,1,23:00:00,07:00:00
40,ER,2018-12-29,RN,6,07:00:00,15:00:00
41,ER,2018-12-29,,1,07:00:00,15:00:00
42,ER,2018-12-29,,1,15:00:00,23:00:00
43,ER,2018-12-29,XRAY,1,15:00:00,23:00:00
44,ER,2018-12-29,ULTRA,1,15:00:00,23:00:00
45,ER,2018-12-29,LPN,2,23:00:00,07:00:00
46,ER,2018-12-29,,1,23:00:00,07:00:00
47,ER,2018-12-29,XRAY,1,23:00:00,07:00:00
48,ER,2018-12-29,ULTRA,1,23:00:00,07:00:00
49,ER,2018-12-30,RN,2,07:00:00,15:00:00
50,ER,2018-12-30,RN,4,15:00:00,23:00:00
51,ER,2018-12-30,,1,15:00:00,23:00:00
52,ER,2018-12-30,ULTRA,1,15:00:00,23:00:00
53,ER,2018-12-30,LPN,3,23:00:00,07:00:00
54,ER,2018-12-30,,1,23:00:00,07:00:00
55,ER,2018-12-31,,1,07:00:00,15:00:00
56,ER,2018-12-31,PHLEB,1,07:00:00,15:00:00
57,ER,2018-12-31,ULTRA,1,07:00:00,15:00:00
58,ER,2018-12-31,RN,2,15:00:00,23:00:00
59,ER,2018-12-31,LPN,1,15:00:00,23:00:00
60,ER,2018-12-31,XRAY,1,15:00:00,23:00:00
61,ER,2018-12-31,RN,4,23:00:00,07:00:00
62,ER,2018-12-31,LPN,2,23:00:00,07:00:00
63,ER,2018-12-31,,1,23:00:00,07:00:00
64,ER,2018-12-31,ULTRA,1,23:00:00,07:00:00
65,ER,2019-1-01,RN,4,07:00:00,15:00:00
66,ER,2019-1-01,LPN,2,07:00:00,15:00:00
67,ER,2019-1-01,PHLEB,1,07:00:00,15:00:00
68,ER,2019-1-01,XRAY,1,07:00:00,15:00:00
69,ER,2019-1-01,RN,6,15:00:00,23:00:00
70,ER,2019-1-01,LPN,3,15:00:00,23:00:00
71,ER,2019-1-01,PHLEB,1,15:00:00,23:00:00
72,ER,2019-1-01,RN,2,23:00:00,07:00:00
73,ER,2019-1-01,XRAY,1,23:00:00,07:00:00
74,ER,2019-1-01,ULTRA,1,23:00:00,07:00:00
75,ER,2019-1-02,RN,4,07:00:00,15:00:00
76,ER,2019-1-02,,1,07:00:00,15:00:00
77,ER,2019-1-02,RN,4,15:00:00,23:00:00
78,ER,2019-1-02,RN,2,23:00:00,07:00:00
79,ER,2019-1-02,XRAY,1,23:00:00,07:00:00
80,ER,2019-1-03,LPN,1,07:00:00,15:00:00
81,ER,2019-1-03,,1,07:00:00,15:00:00
82,ER,2019-1-03,PHLEB,1,07:00:00,15:00:00
83,ER,2019-1-03,ULTRA,1,07:00:00,15:00:00
84,ER,2019-1-03,RN,2,15:00:00,23:00:00
85,ER,2019-1-03,RN,2,23:00:00,07:00:00
86,ER,2019-1-03,PHLEB,1,23:00:00,07:00:00
87,ER,2019-1-04,LPN,2,07:00:00,15:00:00
88,ER,2019-1-04,RN,2,15:00:00,23:00:00
89,ER,2019-1-04,,1,15:00:00,23:00:00
90,ER,2019-1-04,ULTRA,1,15:00:00,23:00:00
91,ER,2019-1-04,RN,2,23:00:00,07:00:00
92,ER,2019-1-04,LPN,1,23:00:00,07:00:00
93,ER,2019-1-04,,1,23:00:00,07:00:00
94,ER,2019-1-05,RN,2,07:00:00,15:00:00
95,ER,2019-1-05,,1,07:00:00,15:00:00
96,ER,2019-1-05,ULTRA,1,07:00:00,15:00:00
97,ER,2019-1-05,,1,15:00:00,23:00:00
98,ER,2019-1-05,RN,2,23:00:00,07:00:00
99,ER,2019-1-05,,2,23:00:00,07:00:00
100,ER,2019-1-05,XRAY,1,23:00:00,07:00:00
101,ER,2019-1-06,LPN,3,07:00:00,15:00:00
102,ER,2019-1-06,,1,07:00:00,15:00:00
103,ER,2019-1-06,RN,2,15:00:00,23:00:00
104,ER,2019-1-06,LPN,2,15:00:00,23:00:00
105,ER,2019-1-06,,1,15:00:00,23:00:00
106,ER,2019-1-06,RN,2,23:00:00,07:00:00
107,ER,2019-1-06,LPN,2,23:00:00,07:00:00
108,ER,2019-1-06,,2,23:00:00,07:00:00
109,ER,2019-1-06,XRAY,1,23:00:00,07:00:00
110,MAT,2018-12-24,LPN,1,07:00:00,15:00:00
111,MAT,2018-12-24,,1,07:00:00,15:00:00
112,MAT,2018-12-24,RN,2,15:00:00,23:00:00
113,MAT,2018-12-24,LPN,2,15:00:00,23:00:00
114,MAT,2018-12-24,RN,6,23:00:00,07:00:00
115,MAT,2018-12-25,PHLEB,1,07:00:00,15:00:00
116,MAT,2018-12-25,XRAY,1,07:00:00,15:00:00
117,MAT,2018-12-25,ULTRA,1,07:00:00,15:00:00
118,MAT,2018-12-25,RN,2,15:00:00,23:00:00
119,MAT,2018-12-25,LPN,1,15:00:00,23:00:00
120,MAT,2018-12-25,PHLEB,1,15:00:00,23:00:00
121,MAT,2018-12-25,ULTRA,1,15:00:00,23:00:00
122,MAT,2018-12-25,LPN,1,23:00:00,07:00:00
123,MAT,2018-12-25,,2,23:00:00,07:00:00
124,MAT,2018-12-26,RN,4,07:00:00,15:00:00
125,MAT,2018-12-26,XRAY,1,07:00:00,15:00:00
126,MAT,2018-12-26,LPN,2,15:00:00,23:00:00
127,MAT,2018-12-26,PHLEB,1,15:00:00,23:00:00
128,MAT,2018-12-26,RN,2,23:00:00,07:00:00
129,MAT,2018-12-26,LPN,2,23:00:00,07:00:00
130,MAT,2018-12-26,,1,23:00:00,07:00:00
131,MAT,2018-12-26,PHLEB,1,23:00:00,07:00:00
132,MAT,2018-12-26,ULTRA,1,23:00:00,07:00:00
133,MAT,2018-12-27,RN,2,07:00:00,15:00:00
134,MAT,2018-12-27,LPN,3,07:00:00,15:00:00
135,MAT,2018-12-27,RN,2,15:00:00,23:00:00
136,MAT,2018-12-27,ULTRA,1,15:00:00,23:00:00
137,MAT,2018-12-27,RN,2,23:00:00,07:00:00
138,MAT,2018-12-27,LPN,2,23:00:00,07:00:00
139,MAT,2018-12-27,,1,23:00:00,07:00:00
140,MAT,2018-12-27,PHLEB,2,23:00:00,07:00:00
141,MAT,2018-12-27,XRAY,1,23:00:00,07:00:00
142,MAT,2018-12-28,RN,4,07:00:00,15:00:00
143,MAT,2018-12-28,LPN,1,07:00:00,15:00:00
144,MAT,2018-12-28,,1,07:00:00,15:00:00
145,MAT,2018-12-28,PHLEB,2,07:00:00,15:00:00
146,MAT,2018-12-28,RN,2,15:00:00,23:00:00
147,MAT,2018-12-28,LPN,1,15:00:00,23:00:00
148,MAT,2018-12-28,,1,15:00:00,23:00:00
149,MAT,2018-12-28,RN,2,23:00:00,07:00:00
150,MAT,2018-12-28,LPN,1,23:00:00,07:00:00
151,MAT,2018-12-29,,1,07:00:00,15:00:00
152,MAT,2018-12-29,ULTRA,1,07:00:00,15:00:00
153,MAT,2018-12-29,LPN,1,15:00:00,23:00:00
154,MAT,2018-12-29,XRAY,1,15:00:00,23:00:00
155,MAT,2018-12-29,XRAY,1,23:00:00,07:00:00
156,MAT,2018-12-30,RN,6,07:00:00,15:00:00
157,MAT,2018-12-30,RN,2,23:00:00,07:00:00
158,MAT,2018-12-30,,1,23:00:00,07:00:00
159,MAT,2018-12-30,PHLEB,1,23:00:00,07:00:00
160,MAT,2018-12-30,XRAY,1,23:00:00,07:00:00
161,MAT,2018-12-30,ULTRA,1,23:00:00,07:00:00
162,MAT,2018-12-31,RN,4,07:00:00,15:00:00
163,MAT,2018-12-31,,1,07:00:00,15:00:00
164,MAT,2018-12-31,PHLEB,2,07:00:00,15:00:00
165,MAT,2018-12-31,RN,4,15:00:00,23:00:00
166,MAT,2018-12-31,LPN,2,15:00:00,23:00:00
167,MAT,2018-12-31,,1,15:00:00,23:00:00
168,MAT,2018-12-31,ULTRA,1,15:00:00,23:00:00
169,MAT,2018-12-31,RN,2,23:00:00,07:00:00
170,MAT,2019-1-01,RN,2,07:00:00,15:00:00
171,MAT,2019-1-01,,1,07:00:00,15:00:00
172,MAT,2019-1-01,RN,4,15:00:00,23:00:00
173,MAT,2019-1-01,LPN,2,15:00:00,23:00:00
174,MAT,2019-1-01,,1,15:00:00,23:00:00
175,MAT,2019-1-01,RN,2,23:00:00,07:00:00
176,MAT,2019-1-01,LPN,2,23:00:00,07:00:00
177,MAT,2019-1-01,PHLEB,1,23:00:00,07:00:00
178,MAT,2019-1-01,XRAY,1,23:00:00,07:00:00
179,MAT,2019-1-02,RN,4,15:00:00,23:00:00
180,MAT,2019-1-02,LPN,2,15:00:00,23:00:00
181,MAT,2019-1-02,,1,15:00:00,23:00:00
182,MAT,2019-1-02,PHLEB,1,15:00:00,23:00:00
183,MAT,2019-1-02,RN,6,23:00:00,07:00:00
184,MAT,2019-1-02,LPN,1,23:00:00,07:00:00
185,MAT,2019-1-02,,2,23:00:00,07:00:00
186,MAT,2019-1-03,RN,4,07:00:00,15:00:00
187,MAT,2019-1-03,,1,07:00:00,15:00:00
188,MAT,2019-1-03,ULTRA,1,07:00:00,15:00:00
189,MAT,2019-1-03,LPN,2,15:00:00,23:00:00
190,MAT,2019-1-03,LPN,1,23:00:00,07:00:00
191,MAT,2019-1-03,,2,23:00:00,07:00:00
192,MAT,2019-1-03,PHLEB,1,23:00:00,07:00:00
193,MAT,2019-1-04,RN,2,07:00:00,15:00:00
194,MAT,2019-1-04,LPN,2,07:00:00,15:00:00
195,MAT,2019-1-04,,1,07:00:00,15:00:00
196,MAT,2019-1-04,RN,6,15:00:00,23:00:00
197,MAT,2019-1-04,LPN,1,15:00:00,23:00:00
198,MAT,2019-1-04,,1,15:00:00,23:00:00
199,MAT,2019-1-04,ULTRA,1,15:00:00,23:00:00
200,MAT,2019-1-04,,1,23:00:00,07:00:00
201,MAT,2019-1-05,LPN,3,07:00:00,15:00:00
202,MAT,2019-1-05,,1,07:00:00,15:00:00
203,MAT,2019-1-05,PHLEB,1,07:00:00,15:00:00
204,MAT,2019-1-05,RN,2,15:00:00,23:00:00
205,MAT,2019-1-05,,1,15:00:00,23:00:00
206,MAT,2019-1-05,XRAY,1,15:00:00,23:00:00
207,MAT,2019-1-05,RN,2,23:00:00,07:00:00
208,MAT,2019-1-05,,1,23:00:00,07:00:00
209,MAT,2019-1-06,LPN,1,07:00:00,15:00:00
210,MAT,2019-1-06,PHLEB,1,07:00:00,15:00:00
211,MAT,2019-1-06,XRAY,1,07:00:00,15:00:00
212,MAT,2019-1-06,ULTRA,1,07:00:00,15:00:00
213,MAT,2019-1-06,LPN,3,15:00:00,23:00:00
214,MAT,2019-1-06,RN,4,23:00:00,07:00:00
215,MAT,2019-1-06,,1,23:00:00,07:00:00
216,SUR,2018-12-24,RN,4,07:00:00,15:00:00
217,SUR,2018-12-24,LPN,1,07:00:00,15:00:00
218,SUR,2018-12-24,LPN,1,15:00:00,23:00:00
219,SUR,2018-12-24,XRAY,1,15:00:00,23:00:00
220,SUR,2018-12-24,ULTRA,1,15:00:00,23:00:00
221,SUR,2018-12-24,PHLEB,2,23:00:00,07:00:00
222,SUR,2018-12-25,RN,4,07:00:00,15:00:00
223,SUR,2018-12-25,XRAY,1,07:00:00,15:00:00
224,SUR,2018-12-25,RN,2,15:00:00,23:00:00
225,SUR,2018-12-25,LPN,3,15:00:00,23:00:00
226,SUR,2018-12-25,,1,15:00:00,23:00:00
227,SUR,2018-12-25,PHLEB,1,15:00:00,23:00:00
228,SUR,2018-12-25,LPN,1,23:00:00,07:00:00
229,SUR,2018-12-25,,1,23:00:00,07:00:00
230,SUR,2018-12-26,,2,07:00:00,15:00:00
231,SUR,2018-12-26,RN,2,15:00:00,23:00:00
232,SUR,2018-12-26,LPN,2,15:00:00,23:00:00
233,SUR,2018-12-26,,1,15:00:00,23:00:00
234,SUR,2018-12-26,LPN,1,23:00:00,07:00:00
235,SUR,2018-12-26,,2,23:00:00,07:00:00
236,SUR,2018-12-27,RN,2,07:00:00,15:00:00
237,SUR,2018-12-27,LPN,2,07:00:00,15:00:00
238,SUR,2018-12-27,ULTRA,1,07:00:00,15:00:00
239,SUR,2018-12-27,RN,4,15:00:00,23:00:00
240,SUR,2018-12-27,XRAY,1,15:00:00,23:00:00
241,SUR,2018-12-27,ULTRA,1,15:00:00,23:00:00
242,SUR,2018-12-27,RN,6,23:00:00,07:00:00
243,SUR,2018-12-27,LPN,2,23:00:00,07:00:00
244,SUR,2018-12-27,,1,23:00:00,07:00:00
245,SUR,2018-12-28,LPN,2,07:00:00,15:00:00
246,SUR,2018-12-28,RN,2,15:00:00,23:00:00
247,SUR,2018-12-28,LPN,1,15:00:00,23:00:00
248,SUR,2018-12-28,,1,15:00:00,23:00:00
249,SUR,2018-12-28,,1,23:00:00,07:00:00
250,SUR,2018-12-29,RN,6,07:00:00,15:00:00
251,SUR,2018-12-29,LPN,2,07:00:00,15:00:00
252,SUR,2018-12-29,PHLEB,2,07:00:00,15:00:00
253,SUR,2018-12-29,RN,6,15:00:00,23:00:00
254,SUR,2018-12-29,RN,4,23:00:00,07:00:00
255,SUR,2018-12-29,LPN,1,23:00:00,07:00:00
256,SUR,2018-12-30,RN,4,07:00:00,15:00:00
257,SUR,2018-12-30,,1,07:00:00,15:00:00
258,SUR,2018-12-30,RN,2,15:00:00,23:00:00
259,SUR,2018-12-30,PHLEB,1,15:00:00,23:00:00
260,SUR,2018-12-30,RN,2,23:00:00,07:00:00
261,SUR,2018-12-30,LPN,1,23:00:00,07:00:00
262,SUR,2018-12-30,,1,23:00:00,07:00:00
263,SUR,2018-12-30,XRAY,1,23:00:00,07:00:00
264,SUR,2018-12-31,LPN,2,07:00:00,15:00:00
265,SUR,2018-12-31,,1,15:00:00,23:00:00
266,SUR,2018-12-31,PHLEB,1,15:00:00,23:00:00
267,SUR,2018-12-31,RN,2,23:00:00,07:00:00
268,SUR,2019-1-01,,1,07:00:00,15:00:00
269,SUR,2019-1-01,PHLEB,2,07:00:00,15:00:00
270,SUR,2019-1-01,LPN,3,15:00:00,23:00:00
271,SUR,2019-1-01,,1,15:00:00,23:00:00
272,SUR,2019-1-01,RN,6,23:00:00,07:00:00
273,SUR,2019-1-01,LPN,1,23:00:00,07:00:00
274,SUR,2019-1-01,PHLEB,1,23:00:00,07:00:00
275,SUR,2019-1-02,,1,07:00:00,15:00:00
276,SUR,2019-1-02,XRAY,1,07:00:00,15:00:00
277,SUR,2019-1-02,RN,2,15:00:00,23:00:00
278,SUR,2019-1-02,LPN,3,15:00:00,23:00:00
279,SUR,2019-1-02,,1,15:00:00,23:00:00
280,SUR,2019-1-02,XRAY,1,15:00:00,23:00:00
281,SUR,2019-1-02,RN,6,23:00:00,07:00:00
282,SUR,2019-1-03,RN,2,07:00:00,15:00:00
283,SUR,2019-1-03,LPN,1,07:00:00,15:00:00
284,SUR,2019-1-03,,2,07:00:00,15:00:00
285,SUR,2019-1-03,RN,4,15:00:00,23:00:00
286,SUR,2019-1-03,RN,4,23:00:00,07:00:00
287,SUR,2019-1-03,LPN,2,23:00:00,07:00:00
288,SUR,2019-1-03,PHLEB,1,23:00:00,07:00:00
289,SUR,2019-1-04,RN,6,07:00:00,15:00:00
290,SUR,2019-1-04,LPN,2,07:00:00,15:00:00
291,SUR,2019-1-04,,1,07:00:00,15:00:00
292,SUR,2019-1-04,ULTRA,1,07:00:00,15:00:00
293,SUR,2019-1-04,,2,15:00:00,23:00:00
294,SUR,2019-1-04,XRAY,1,15:00:00,23:00:00
295,SUR,2019-1-04,RN,6,23:00:00,07:00:00
296,SUR,2019-1-04,LPN,1,23:00:00,07:00:00
297,SUR,2019-1-04,,1,23:00:00,07:00:00
298,SUR,2019-1-05,LPN,2,07:00:00,15:00:00
299,SUR,2019-1-05,XRAY,1,07:00:00,15:00:00
300,SUR,2019-1-05,LPN,1,15:00:00,23:00:00
301,SUR,2019-1-05,,1,15:00:00,23:00:00
302,SUR,2019-1-05,,1,23:00:00,07:00:00
303,SUR,2019-1-06,RN,6,07:00:00,15:00:00
304,SUR,2019-1-06,,1,07:00:00,15:00:00
305,SUR,2019-1-06,LPN,2,15:00:00,23:00:00
306,SUR,2019-1-06,,1,15:00:00,23:00:00
307,SUR,2019-1-06,XRAY,1,15:00:00,23:00:00
308,SUR,2019-1-06,ULTRA,1,15:00:00,23:00:00
309,SUR,2019-1-06,LPN,1,23:00:00,07:00:00
310,SUR,2019-1-06,,1,23:00:00,07:00:00
311,SUR,2019-1-06,ULTRA,1,23:00:00,07:00:00
312,OBS,2018-12-24,RN,6,07:00:00,15:00:00
313,OBS,2018-12-24,LPN,1,07:00:00,15:00:00
314,OBS,2018-12-24,,1,07:00:00,15:00:00
315,OBS,2018-12-24,XRAY,1,07:00:00,15:00:00
316,OBS,2018-12-24,LPN,1,15:00:00,23:00:00
317,OBS,2018-12-24,,1,15:00:00,23:00:00
318,OBS,2018-12-24,ULTRA,1,15:00:00,23:00:00
319,OBS,2018-12-24,LPN,3,23:00:00,07:00:00
320,OBS,2018-12-24,PHLEB,1,23:00:00,07:00:00
321,OBS,2018-12-24,XRAY,1,23:00:00,07:00:00
322,OBS,2018-12-25,LPN,1,07:00:00,15:00:00
323,OBS,2018-12-25,,1,07:00:00,15:00:00
324,OBS,2018-12-25,ULTRA,1,07:00:00,15:00:00
325,OBS,2018-12-25,LPN,1,15:00:00,23:00:00
326,OBS,2018-12-25,XRAY,1,15:00:00,23:00:00
327,OBS,2018-12-25,RN,4,23:00:00,07:00:00
328,OBS,2018-12-25,,1,23:00:00,07:00:00
329,OBS,2018-12-25,PHLEB,1,23:00:00,07:00:00
330,OBS,2018-12-25,ULTRA,1,23:00:00,07:00:00
331,OBS,2018-12-26,RN,2,07:00:00,15:00:00
332,OBS,2018-12-26,LPN,1,07:00:00,15:00:00
333,OBS,2018-12-26,,1,07:00:00,15:00:00
334,OBS,2018-12-26,PHLEB,1,07:00:00,15:00:00
335,OBS,2018-12-26,,1,15:00:00,23:00:00
336,OBS,2018-12-26,RN,4,23:00:00,07:00:00
337,OBS,2018-12-26,LPN,1,23:00:00,07:00:00
338,OBS,2018-12-26,XRAY,1,23:00:00,07:00:00
339,OBS,2018-12-27,LPN,2,07:00:00,15:00:00
340,OBS,2018-12-27,RN,6,15:00:00,23:00:00
341,OBS,2018-12-27,LPN,2,15:00:00,23:00:00
342,OBS,2018-12-27,,1,15:00:00,23:00:00
343,OBS,2018-12-27,XRAY,1,15:00:00,23:00:00
344,OBS,2018-12-27,ULTRA,1,15:00:00,23:00:00
345,OBS,2018-12-27,RN,2,23:00:00,07:00:00
346,OBS,2018-12-27,LPN,2,23:00:00,07:00:00
347,OBS,2018-12-27,,1,23:00:00,07:00:00
348,OBS,2018-12-27,PHLEB,1,23:00:00,07:00:00
349,OBS,2018-12-27,ULTRA,1,23:00:00,07:00:00
350,OBS,2018-12-28,RN,2,07:00:00,15:00:00
351,OBS,2018-12-28,LPN,1,07:00:00,15:00:00
352,OBS,2018-12-28,,1,07:00:00,15:00:00
353,OBS,2018-12-28,XRAY,1,07:00:00,15:00:00
354,OBS,2018-12-28,ULTRA,1,07:00:00,15:00:00
355,OBS,2018-12-28,RN,2,23:00:00,07:00:00
356,OBS,2018-12-28,PHLEB,1,23:00:00,07:00:00
357,OBS,2018-12-28,XRAY,1,23:00:00,07:00:00
358,OBS,2018-12-29,XRAY,1,07:00:00,15:00:00
359,OBS,2018-12-29,LPN,2,15:00:00,23:00:00
360,OBS,2018-12-29,,2,15:00:00,23:00:00
361,OBS,2018-12-30,RN,2,07:00:00,15:00:00
362,OBS,2018-12-30,LPN,1,07:00:00,15:00:00
363,OBS,2018-12-30,RN,4,15:00:00,23:00:00
364,OBS,2018-12-30,LPN,1,15:00:00,23:00:00
365,OBS,2018-12-30,RN,2,23:00:00,07:00:00
366,OBS,2018-12-30,LPN,3,23:00:00,07:00:00
367,OBS,2018-12-30,,1,23:00:00,07:00:00
368,OBS,2018-12-30,PHLEB,1,23:00:00,07:00:00
369,OBS,2018-12-31,LPN,1,07:00:00,15:00:00
370,OBS,2018-12-31,,1,07:00:00,15:00:00
371,OBS,2018-12-31,PHLEB,1,07:00:00,15:00:00
372,OBS,2018-12-31,XRAY,1,07:00:00,15:00:00
373,OBS,2018-12-31,ULTRA,1,07:00:00,15:00:00
374,OBS,2018-12-31,RN,4,15:00:00,23:00:00
375,OBS,2018-12-31,,1,15:00:00,23:00:00
376,OBS,2018-12-31,PHLEB,1,15:00:00,23:00:00
377,OBS,2018-12-31,XRAY,1,15:00:00,23:00:00
378,OBS,2018-12-31,LPN,2,23:00:00,07:00:00
379,OBS,2018-12-31,,1,23:00:00,07:00:00
380,OBS,2018-12-31,PHLEB,1,23:00:00,07:00:00
381,OBS,2019-1-01,LPN,3,07:00:00,15:00:00
382,OBS,2019-1-01,,1,07:00:00,15:00:00
383,OBS,2019-1-01,PHLEB,2,07:00:00,15:00:00
384,OBS,2019-1-01,LPN,1,15:00:00,23:00:00
385,OBS,2019-1-01,PHLEB,2,15:00:00,23:00:00
386,OBS,2019-1-01,ULTRA,1,15:00:00,23:00:00
387,OBS,2019-1-01,RN,4,23:00:00,07:00:00
388,OBS,2019-1-01,LPN,1,23:00:00,07:00:00
389,OBS,2019-1-01,ULTRA,1,23:00:00,07:00:00
390,OBS,2019-1-02,RN,4,07:00:00,15:00:00
391,OBS,2019-1-02,,1,07:00:00,15:00:00
392,OBS,2019-1-02,PHLEB,1,07:00:00,15:00:00
393,OBS,2019-1-02,RN,2,15:00:00,23:00:00
394,OBS,2019-1-02,,1,15:00:00,23:00:00
395,OBS,2019-1-02,PHLEB,1,15:00:00,23:00:00
396,OBS,2019-1-02,RN,4,23:00:00,07:00:00
397,OBS,2019-1-02,LPN,1,23:00:00,07:00:00
398,OBS,2019-1-02,,1,23:00:00,07:00:00
399,OBS,2019-1-02,ULTRA,1,23:00:00,07:00:00
400,OBS,2019-1-03,LPN,3,07:00:00,15:00:00
401,OBS,2019-1-03,RN,2,15:00:00,23:00:00
402,OBS,2019-1-03,PHLEB,1,15:00:00,23:00:00
403,OBS,2019-1-03,RN,4,23:00:00,07:00:00
404,OBS,2019-1-03,LPN,1,23:00:00,07:00:00
405,OBS,2019-1-03,,2,23:00:00,07:00:00
406,OBS,2019-1-04,RN,4,07:00:00,15:00:00
407,OBS,2019-1-04,LPN,1,07:00:00,15:00:00
408,OBS,2019-1-04,,1,07:00:00,15:00:00
409,OBS,2019-1-04,RN,2,15:00:00,23:00:00
410,OBS,2019-1-04,LPN,1,15:00:00,23:00:00
411,OBS,2019-1-04,LPN,2,23:00:00,07:00:00
412,OBS,2019-1-04,,1,23:00:00,07:00:00
413,OBS,2019-1-04,ULTRA,1,23:00:00,07:00:00
414,OBS,2019-1-05,RN,4,07:00:00,15:00:00
415,OBS,2019-1-05,,1,07:00:00,15:00:00
416,OBS,2019-1-05,PHLEB,1,07:00:00,15:00:00
417,OBS,2019-1-05,ULTRA,1,07:00:00,15:00:00
418,OBS,2019-1-05,RN,4,15:00:00,23:00:00
419,OBS,2019-1-05,PHLEB,1,15:00:00,23:00:00
420,OBS,2019-1-05,RN,4,23:00:00,07:00:00
421,OBS,2019-1-05,LPN,2,23:00:00,07:00:00
422,OBS,2019-1-05,,1,23:00:00,07:00:00
423,OBS,2019-1-06,RN,4,07:00:00,15:00:00
424,OBS,2019-1-06,ULTRA,1,07:00:00,15:00:00
425,OBS,2019-1-06,RN,6,15:00:00,23:00:00
426,OBS,2019-1-06,LPN,1,15:00:00,23:00:00
427,OBS,2019-1-06,PHLEB,1,15:00:00,23:00:00
428,OBS,2019-1-06,XRAY,1,15:00:00,23:00:00
429,OBS,2019-1-06,LPN,3,23:00:00,07:00:00
430,OBS,2019-1-06,,1,23:00:00,07:00:00
431,OBS,2019-1-06,PHLEB,1,23:00:00,07:00:00
432,PED,2018-12-24,RN,4,07:00:00,15:00:00
433,PED,2018-12-24,,1,07:00:00,15:00:00
434,PED,2018-12-24,LPN,2,23:00:00,07:00:00
435,PED,2018-12-24,,1,23:00:00,07:00:00
436,PED,2018-12-25,,1,07:00:00,15:00:00
437,PED,2018-12-25,PHLEB,1,07:00:00,15:00:00
438,PED,2018-12-25,RN,4,15:00:00,23:00:00
439,PED,2018-12-25,LPN,1,15:00:00,23:00:00
440,PED,2018-12-25,RN,2,23:00:00,07:00:00
441,PED,2018-12-25,,1,23:00:00,07:00:00
442,PED,2018-12-25,PHLEB,1,23:00:00,07:00:00
443,PED,2018-12-25,XRAY,1,23:00:00,07:00:00
444,PED,2018-12-26,RN,2,07:00:00,15:00:00
445,PED,2018-12-26,,1,07:00:00,15:00:00
446,PED,2018-12-26,PHLEB,1,07:00:00,15:00:00
447,PED,2018-12-26,XRAY,1,07:00:00,15:00:00
448,PED,2018-12-26,ULTRA,1,07:00:00,15:00:00
449,PED,2018-12-26,RN,2,15:00:00,23:00:00
450,PED,2018-12-26,LPN,2,15:00:00,23:00:00
451,PED,2018-12-26,PHLEB,1,15:00:00,23:00:00
452,PED,2018-12-26,RN,4,23:00:00,07:00:00
453,PED,2018-12-26,,1,23:00:00,07:00:00
454,PED,2018-12-26,XRAY,1,23:00:00,07:00:00
455,PED,2018-12-27,LPN,1,07:00:00,15:00:00
456,PED,2018-12-27,,1,07:00:00,15:00:00
457,PED,2018-12-27,LPN,2,15:00:00,23:00:00
458,PED,2018-12-27,XRAY,1,15:00:00,23:00:00
459,PED,2018-12-27,RN,4,23:00:00,07:00:00
460,PED,2018-12-27,LPN,1,23:00:00,07:00:00
461,PED,2018-12-28,LPN,3,07:00:00,15:00:00
462,PED,2018-12-28,,1,07:00:00,15:00:00
463,PED,2018-12-28,RN,6,15:00:00,23:00:00
464,PED,2018-12-28,LPN,1,15:00:00,23:00:00
465,PED,2018-12-28,,1,15:00:00,23:00:00
466,PED,2018-12-28,ULTRA,1,15:00:00,23:00:00
467,PED,2018-12-28,LPN,2,23:00:00,07:00:00
468,PED,2018-12-28,,1,23:00:00,07:00:00
469,PED,2018-12-28,ULTRA,1,23:00:00,07:00:00
470,PED,2018-12-29,RN,2,07:00:00,15:00:00
471,PED,2018-12-29,PHLEB,1,07:00:00,15:00:00
472,PED,2018-12-29,ULTRA,1,07:00:00,15:00:00
473,PED,2018-12-29,,1,15:00:00,23:00:00
474,PED,2018-12-29,PHLEB,1,15:00:00,23:00:00
475,PED,2018-12-29,XRAY,1,15:00:00,23:00:00
476,PED,2018-12-29,LPN,2,23:00:00,07:00:00
477,PED,2018-12-29,,1,23:00:00,07:00:00
478,PED,2018-12-29,XRAY,1,23:00:00,07:00:00
479,PED,2018-12-30,RN,2,07:00:00,15:00:00
480,PED,2018-12-30,LPN,1,07:00:00,15:00:00
481,PED,2018-12-30,,1,07:00:00,15:00:00
482,PED,2018-12-30,LPN,1,15:00:00,23:00:00
483,PED,2018-12-30,XRAY,1,15:00:00,23:00:00
484,PED,2018-12-30,RN,4,23:00:00,07:00:00
485,PED,2018-12-30,,1,23:00:00,07:00:00
486,PED,2018-12-30,PHLEB,1,23:00:00,07:00:00
487,PED,2018-12-31,RN,6,07:00:00,15:00:00
488,PED,2018-12-31,RN,4,15:00:00,23:00:00
489,PED,2018-12-31,LPN,3,15:00:00,23:00:00
490,PED,2018-12-31,,1,15:00:00,23:00:00
491,PED,2018-12-31,XRAY,1,15:00:00,23:00:00
492,PED,2018-12-31,RN,2,23:00:00,07:00:00
493,PED,2018-12-31,LPN,1,23:00:00,07:00:00
494,PED,2018-12-31,,1,23:00:00,07:00:00
495,PED,2019-1-01,RN,4,07:00:00,15:00:00
496,PED,2019-1-01,,1,07:00:00,15:00:00
497,PED,2019-1-01,LPN,1,15:00:00,23:00:00
498,PED,2019-1-01,XRAY,1,15:00:00,23:00:00
499,PED,2019-1-01,LPN,2,23:00:00,07:00:00
500,PED,2019-1-02,RN,2,07:00:00,15:00:00
501,PED,2019-1-02,LPN,1,07:00:00,15:00:00
502,PED,2019-1-02,,1,07:00:00,15:00:00
503,PED,2019-1-02,ULTRA,1,07:00:00,15:00:00
504,PED,2019-1-02,XRAY,1,15:00:00,23:00:00
505,PED,2019-1-02,LPN,2,23:00:00,07:00:00
506,PED,2019-1-03,RN,4,07:00:00,15:00:00
507,PED,2019-1-03,LPN,1,07:00:00,15:00:00
508,PED,2019-1-03,XRAY,1,07:00:00,15:00:00
509,PED,2019-1-03,LPN,1,15:00:00,23:00:00
510,PED,2019-1-03,,1,15:00:00,23:00:00
511,PED,2019-1-03,PHLEB,1,15:00:00,23:00:00
512,PED,2019-1-03,RN,2,23:00:00,07:00:00
513,PED,2019-1-04,RN,6,07:00:00,15:00:00
514,PED,2019-1-04,LPN,2,07:00:00,15:00:00
515,PED,2019-1-04,,1,07:00:00,15:00:00
516,PED,2019-1-04,ULTRA,1,07:00:00,15:00:00
517,PED,2019-1-04,RN,6,15:00:00,23:00:00
518,PED,2019-1-04,LPN,2,15:00:00,23:00:00
519,PED,2019-1-04,LPN,1,23:00:00,07:00:00
520,PED,2019-1-04,,1,23:00:00,07:00:00
521,PED,2019-1-04,ULTRA,1,23:00:00,07:00:00
522,PED,2019-1-05,,1,07:00:00,15:00:00
523,PED,2019-1-05,RN,2,15:00:00,23:00:00
524,PED,2019-1-05,LPN,2,15:00:00,23:00:00
525,PED,2019-1-05,,1,15:00:00,23:00:00
526,PED,2019-1-05,RN,2,23:00:00,07:00:00
527,PED,2019-1-05,LPN,2,23:00:00,07:00:00
528,PED,2019-1-05,,2,23:00:00,07:00:00
529,PED,2019-1-06,LPN,2,07:00:00,15:00:00
530,PED,2019-1-06,PHLEB,1,07:00:00,15:00:00
531,PED,2019-1-06,RN,2,15:00:00,23:00:00
532,PED,2019-1-06,ULTRA,1,15:00:00,23:00:00
533,PED,2019-1-06,LPN,1,23:00:00,07:00:00
534,PED,2019-1-06,PHLEB,2,23:00:00,07:00:00
535,ONC,2018-12-24,,1,07:00:00,15:00:00
536,ONC,2018-12-24,PHLEB,2,07:00:00,15:00:00
537,ONC,2018-12-24,RN,2,15:00:00,23:00:00
538,ONC,2018-12-24,LPN,2,15:00:00,23:00:00
539,ONC,2018-12-24,RN,2,23:00:00,07:00:00
540,ONC,2018-12-24,ULTRA,1,23:00:00,07:00:00
541,ONC,2018-12-25,RN,2,15:00:00,23:00:00
542,ONC,2018-12-25,LPN,3,15:00:00,23:00:00
543,ONC,2018-12-25,PHLEB,1,15:00:00,23:00:00
544,ONC,2018-12-25,RN,2,23:00:00,07:00:00
545,ONC,2018-12-25,LPN,1,23:00:00,07:00:00
546,ONC,2018-12-25,,1,23:00:00,07:00:00
547,ONC,2018-12-26,RN,2,07:00:00,15:00:00
548,ONC,2018-12-26,LPN,2,07:00:00,15:00:00
549,ONC,2018-12-26,,1,07:00:00,15:00:00
550,ONC,2018-12-26,LPN,2,15:00:00,23:00:00
551,ONC,2018-12-26,,1,15:00:00,23:00:00
552,ONC,2018-12-26,RN,2,23:00:00,07:00:00
553,ONC,2018-12-26,,1,23:00:00,07:00:00
554,ONC,2018-12-27,RN,2,07:00:00,15:00:00
555,ONC,2018-12-27,LPN,1,07:00:00,15:00:00
556,ONC,2018-12-27,,1,07:00:00,15:00:00
557,ONC,2018-12-27,PHLEB,1,07:00:00,15:00:00
558,ONC,2018-12-27,ULTRA,1,07:00:00,15:00:00
559,ONC,2018-12-27,RN,2,15:00:00,23:00:00
560,ONC,2018-12-27,LPN,2,15:00:00,23:00:00
561,ONC,2018-12-27,,2,15:00:00,23:00:00
562,ONC,2018-12-27,,1,23:00:00,07:00:00
563,ONC,2018-12-27,PHLEB,1,23:00:00,07:00:00
564,ONC,2018-12-28,RN,2,07:00:00,15:00:00
565,ONC,2018-12-28,LPN,2,07:00:00,15:00:00
566,ONC,2018-12-28,,2,07:00:00,15:00:00
567,ONC,2018-12-28,ULTRA,1,07:00:00,15:00:00
568,ONC,2018-12-28,RN,2,15:00:00,23:00:00
569,ONC,2018-12-28,LPN,1,15:00:00,23:00:00
570,ONC,2018-12-28,,1,15:00:00,23:00:00
571,ONC,2018-12-28,RN,2,23:00:00,07:00:00
572,ONC,2018-12-28,LPN,2,23:00:00,07:00:00
573,ONC,2018-12-28,PHLEB,1,23:00:00,07:00:00
574,ONC,2018-12-28,XRAY,1,23:00:00,07:00:00
575,ONC,2018-12-29,,1,07:00:00,15:00:00
576,ONC,2018-12-29,PHLEB,2,07:00:00,15:00:00
577,ONC,2018-12-29,ULTRA,1,07:00:00,15:00:00
578,ONC,2018-12-29,RN,2,15:00:00,23:00:00
579,ONC,2018-12-29,LPN,1,15:00:00,23:00:00
580,ONC,2018-12-29,RN,6,23:00:00,07:00:00
581,ONC,2018-12-29,LPN,2,23:00:00,07:00:00
582,ONC,2018-12-30,RN,2,07:00:00,15:00:00
583,ONC,2018-12-30,LPN,1,07:00:00,15:00:00
584,ONC,2018-12-30,,1,07:00:00,15:00:00
585,ONC,2018-12-30,XRAY,1,07:00:00,15:00:00
586,ONC,2018-12-30,,1,15:00:00,23:00:00
587,ONC,2018-12-30,LPN,2,23:00:00,07:00:00
588,ONC,2018-12-30,,2,23:00:00,07:00:00
589,ONC,2018-12-31,LPN,1,07:00:00,15:00:00
590,ONC,2018-12-31,,1,07:00:00,15:00:00
591,ONC,2018-12-31,RN,6,15:00:00,23:00:00
592,ONC,2018-12-31,,1,15:00:00,23:00:00
593,ONC,2018-12-31,RN,6,23:00:00,07:00:00
594,ONC,2018-12-31,,1,23:00:00,07:00:00
595,ONC,2018-12-31,ULTRA,1,23:00:00,07:00:00
596,ONC,2019-1-01,LPN,1,07:00:00,15:00:00
597,ONC,2019-1-01,PHLEB,1,07:00:00,15:00:00
598,ONC,2019-1-01,LPN,1,15:00:00,23:00:00
599,ONC,2019-1-01,,1,15:00:00,23:00:00
600,ONC,2019-1-01,ULTRA,1,15:00:00,23:00:00
601,ONC,2019-1-01,,1,23:00:00,07:00:00
602,ONC,2019-1-02,LPN,1,07:00:00,15:00:00
603,ONC,2019-1-02,,2,07:00:00,15:00:00
604,ONC,2019-1-02,LPN,1,15:00:00,23:00:00
605,ONC,2019-1-02,XRAY,1,15:00:00,23:00:00
606,ONC,2019-1-02,RN,4,23:00:00,07:00:00
607,ONC,2019-1-03,ULTRA,1,07:00:00,15:00:00
608,ONC,2019-1-03,RN,2,15:00:00,23:00:00
609,ONC,2019-1-03,LPN,1,15:00:00,23:00:00
610,ONC,2019-1-03,PHLEB,2,15:00:00,23:00:00
611,ONC,2019-1-03,LPN,1,23:00:00,07:00:00
612,ONC,2019-1-04,RN,6,07:00:00,15:00:00
613,ONC,2019-1-04,LPN,2,07:00:00,15:00:00
614,ONC,2019-1-04,,1,07:00:00,15:00:00
615,ONC,2019-1-04,LPN,1,15:00:00,23:00:00
616,ONC,2019-1-04,PHLEB,2,15:00:00,23:00:00
617,ONC,2019-1-04,XRAY,1,15:00:00,23:00:00
618,ONC,2019-1-04,ULTRA,1,15:00:00,23:00:00
619,ONC,2019-1-04,LPN,2,23:00:00,07:00:00
620,ONC,2019-1-04,XRAY,1,23:00:00,07:00:00
621,ONC,2019-1-05,RN,6,07:00:00,15:00:00
622,ONC,2019-1-05,,1,07:00:00,15:00:00
623,ONC,2019-1-05,XRAY,1,07:00:00,15:00:00
624,ONC,2019-1-05,ULTRA,1,07:00:00,15:00:00
625,ONC,2019-1-05,RN,2,15:00:00,23:00:00
626,ONC,2019-1-05,LPN,1,15:00:00,23:00:00
627,ONC,2019-1-05,RN,4,23:00:00,07:00:00
628,ONC,2019-1-05,LPN,2,23:00:00,07:00:00
629,ONC,2019-1-05,,1,23:00:00,07:00:00
630,ONC,2019-1-05,PHLEB,1,23:00:00,07:00:00
631,ONC,2019-1-06,LPN,3,07:00:00,15:00:00
632,ONC,2019-1-06,,1,07:00:00,15:00:00
633,ONC,2019-1-06,LPN,1,23:00:00,07:00:00
634,ONC,2019-1-06,,1,23:00:00,07:00:00
635,ONC,2019-1-06,PHLEB,1,23:00:00,07:00:00
636,ICU,2018-12-24,RN,4,07:00:00,15:00:00
637,ICU,2018-12-24,LPN,1,07:00:00,15:00:00
638,ICU,2018-12-24,RN,2,15:00:00,23:00:00
639,ICU,2018-12-24,LPN,2,15:00:00,23:00:00
640,ICU,2018-12-24,RN,2,23:00:00,07:00:00
641,ICU,2018-12-24,LPN,2,23:00:00,07:00:00
642,ICU,2018-12-24,,2,23:00:00,07:00:00
643,ICU,2018-12-25,RN,2,15:00:00,23:00:00
644,ICU,2018-12-25,LPN,2,15:00:00,23:00:00
645,ICU,2018-12-25,,1,15:00:00,23:00:00
646,ICU,2018-12-25,RN,4,23:00:00,07:00:00
647,ICU,2018-12-25,LPN,2,23:00:00,07:00:00
648,ICU,2018-12-26,,1,07:00:00,15:00:00
649,ICU,2018-12-26,RN,6,15:00:00,23:00:00
650,ICU,2018-12-26,,1,15:00:00,23:00:00
651,ICU,2018-12-26,RN,2,23:00:00,07:00:00
652,ICU,2018-12-26,LPN,2,23:00:00,07:00:00
653,ICU,2018-12-26,PHLEB,2,23:00:00,07:00:00
654,ICU,2018-12-27,LPN,1,07:00:00,15:00:00
655,ICU,2018-12-27,,1,07:00:00,15:00:00
656,ICU,2018-12-27,RN,2,15:00:00,23:00:00
657,ICU,2018-12-27,LPN,1,15:00:00,23:00:00
658,ICU,2018-12-27,XRAY,1,15:00:00,23:00:00
659,ICU,2018-12-27,ULTRA,1,15:00:00,23:00:00
660,ICU,2018-12-27,XRAY,1,23:00:00,07:00:00
661,ICU,2018-12-28,RN,2,15:00:00,23:00:00
662,ICU,2018-12-28,LPN,1,15:00:00,23:00:00
663,ICU,2018-12-28,RN,6,23:00:00,07:00:00
664,ICU,2018-12-28,LPN,1,23:00:00,07:00:00
665,ICU,2018-12-28,,1,23:00:00,07:00:00
666,ICU,2018-12-29,RN,4,07:00:00,15:00:00
667,ICU,2018-12-29,LPN,2,07:00:00,15:00:00
668,ICU,2018-12-29,,1,07:00:00,15:00:00
669,ICU,2018-12-29,PHLEB,1,07:00:00,15:00:00
670,ICU,2018-12-29,RN,2,15:00:00,23:00:00
671,ICU,2018-12-29,,1,15:00:00,23:00:00
672,ICU,2018-12-29,,1,23:00:00,07:00:00
673,ICU,2018-12-29,PHLEB,1,23:00:00,07:00:00
674,ICU,2018-12-30,RN,2,07:00:00,15:00:00
675,ICU,2018-12-30,LPN,2,07:00:00,15:00:00
676,ICU,2018-12-30,RN,2,23:00:00,07:00:00
677,ICU,2018-12-30,,1,23:00:00,07:00:00
678,ICU,2018-12-30,PHLEB,2,23:00:00,07:00:00
679,ICU,2018-12-30,ULTRA,1,23:00:00,07:00:00
680,ICU,2018-12-31,RN,4,07:00:00,15:00:00
681,ICU,2018-12-31,LPN,2,07:00:00,15:00:00
682,ICU,2018-12-31,XRAY,1,07:00:00,15:00:00
683,ICU,2018-12-31,ULTRA,1,07:00:00,15:00:00
684,ICU,2018-12-31,LPN,1,15:00:00,23:00:00
685,ICU,2018-12-31,,1,15:00:00,23:00:00
686,ICU,2018-12-31,RN,4,23:00:00,07:00:00
687,ICU,2018-12-31,,1,23:00:00,07:00:00
688,ICU,2018-12-31,XRAY,1,23:00:00,07:00:00
689,ICU,2019-1-01,,1,07:00:00,15:00:00
690,ICU,2019-1-01,PHLEB,2,07:00:00,15:00:00
691,ICU,2019-1-01,LPN,1,15:00:00,23:00:00
692,ICU,2019-1-01,RN,6,23:00:00,07:00:00
693,ICU,2019-1-01,,2,23:00:00,07:00:00
694,ICU,2019-1-01,PHLEB,2,23:00:00,07:00:00
695,ICU,2019-1-02,,1,07:00:00,15:00:00
696,ICU,2019-1-02,RN,4,15:00:00,23:00:00
697,ICU,2019-1-02,LPN,1,15:00:00,23:00:00
698,ICU,2019-1-02,XRAY,1,15:00:00,23:00:00
699,ICU,2019-1-02,RN,6,23:00:00,07:00:00
700,ICU,2019-1-02,LPN,3,23:00:00,07:00:00
701,ICU,2019-1-03,LPN,2,07:00:00,15:00:00
702,ICU,2019-1-03,,1,07:00:00,15:00:00
703,ICU,2019-1-03,RN,4,15:00:00,23:00:00
704,ICU,2019-1-03,LPN,1,15:00:00,23:00:00
705,ICU,2019-1-03,,1,15:00:00,23:00:00
706,ICU,2019-1-03,XRAY,1,15:00:00,23:00:00
707,ICU,2019-1-03,ULTRA,1,15:00:00,23:00:00
708,ICU,2019-1-03,LPN,2,23:00:00,07:00:00
709,ICU,2019-1-03,,2,23:00:00,07:00:00
710,ICU,2019-1-03,ULTRA,1,23:00:00,07:00:00
711,ICU,2019-1-04,LPN,1,07:00:00,15:00:00
712,ICU,2019-1-04,XRAY,1,07:00:00,15:00:00
713,ICU,2019-1-04,LPN,2,15:00:00,23:00:00
714,ICU,2019-1-04,,1,15:00:00,23:00:00
715,ICU,2019-1-04,RN,2,23:00:00,07:00:00
716,ICU,2019-1-04,LPN,1,23:00:00,07:00:00
717,ICU,2019-1-04,,1,23:00:00,07:00:00
718,ICU,2019-1-04,PHLEB,1,23:00:00,07:00:00
719,ICU,2019-1-05,RN,6,07:00:00,15:00:00
720,ICU,2019-1-05,LPN,1,07:00:00,15:00:00
721,ICU,2019-1-05,RN,4,23:00:00,07:00:00
722,ICU,2019-1-05,LPN,1,23:00:00,07:00:00
723,ICU,2019-1-05,,1,23:00:00,07:00:00
724,ICU,2019-1-06,,1,07:00:00,15:00:00
725,ICU,2019-1-06,PHLEB,1,07:00:00,15:00:00
726,ICU,2019-1-06,RN,2,15:00:00,23:00:00
727,ICU,2019-1-06,LPN,1,15:00:00,23:00:00
